label,0,1,2,3,4,5,6,7,8,9,10,11,12,13,14,15,16,17,18,19,20,21,22,23,24
1,4,52,160,137,2,449,51,98,51,2,101,0,0,0,0,0,0,0,0,0,0,0,0,0,0
0,140,4,256,205,1636,3,4,130,19,633,227,0,0,0,0,0,0,0,0,0,0,0,0,0,0
1,2,100,27,23,2,212,8,23,0,0,0,0,0,0,0,0,0,0,0,0,0,0,0,0,0
0,1412,38,33,0,0,0,0,0,0,0,0,0,0,0,0,0,0,0,0,0,0,0,0,0,0
1,4,146,677,28,31,28,63,25,78,0,0,0,0,0,0,0,0,0,0,0,0,0,0,0,0
1,218,149,14,2,1643,7,77,82,133,12,3,858,61,18,0,0,0,0,0,0,0,0,0,0,0
0,2,122,11,2,209,932,5,90,1495,1474,1464,113,402,1503,209,3,2,18,5,136,35,50,0,0,0
1,306,8,24,252,989,158,423,18,0,0,0,0,0,0,0,0,0,0,0,0,0,0,0,0,0
1,267,5,812,3,1313,0,0,0,0,0,0,0,0,0,0,0,0,0,0,0,0,0,0,0,0
1,19,594,155,2,362,807,0,0,0,0,0,0,0,0,0,0,0,0,0,0,0,0,0,0,0
0,106,41,46,3,1123,48,25,2,203,0,0,0,0,0,0,0,0,0,0,0,0,0,0,0,0
0,4,146,192,6,156,126,18,36,2,12,350,0,0,0,0,0,0,0,0,0,0,0,0,0,0
0,91,60,80,340,21,126,0,0,0,0,0,0,0,0,0,0,0,0,0,0,0,0,0,0,0
1,375,56,1337,35,165,1207,32,2,94,102,10,3,28,63,25,78,0,0,0,0,0,0,0,0,0
1,2,12,8,68,3,48,194,207,21,25,151,7,437,16,855,47,28,1004,10,31,129,0,0,0,0
0,228,16,64,28,27,205,0,0,0,0,0,0,0,0,0,0,0,0,0,0,0,0,0,0,0
1,9,15,8,17,0,0,0,0,0,0,0,0,0,0,0,0,0,0,0,0,0,0,0,0,0
0,2,86,5,2,362,360,0,0,0,0,0,0,0,0,0,0,0,0,0,0,0,0,0,0,0
0,2,957,669,31,109,26,19,200,34,1397,74,3,1452,3,2,12,5,124,0,0,0,0,0,0,0
0,408,59,762,7,107,165,11,2,638,802,193,867,0,0,0,0,0,0,0,0,0,0,0,0,0
1,32,2,59,223,54,426,497,42,17,12,0,0,0,0,0,0,0,0,0,0,0,0,0,0,0
1,180,5,17,3,133,0,0,0,0,0,0,0,0,0,0,0,0,0,0,0,0,0,0,0,0
1,23,152,23,493,23,262,73,422,0,0,0,0,0,0,0,0,0,0,0,0,0,0,0,0,0
0,483,56,232,3,41,82,15,1380,0,0,0,0,0,0,0,0,0,0,0,0,0,0,0,0,0
1,4,42,144,137,9,15,28,146,38,328,26,9,1411,15,0,0,0,0,0,0,0,0,0,0,0
0,10,892,192,325,547,16,528,3,1382,0,0,0,0,0,0,0,0,0,0,0,0,0,0,0,0
1,9,8,44,755,1604,0,0,0,0,0,0,0,0,0,0,0,0,0,0,0,0,0,0,0,0
1,23,253,61,3,302,18,0,0,0,0,0,0,0,0,0,0,0,0,0,0,0,0,0,0,0
1,17,319,417,195,3,17,12,195,0,0,0,0,0,0,0,0,0,0,0,0,0,0,0,0,0
0,2,1051,1539,306,27,970,97,134,39,6,822,1423,810,7,2,1054,11,6,488,445,231,0,0,0,0
0,13,89,501,3,39,188,833,11,289,35,2,1563,0,0,0,0,0,0,0,0,0,0,0,0,0
1,44,158,290,70,79,44,1364,1318,0,0,0,0,0,0,0,0,0,0,0,0,0,0,0,0,0
1,306,8,340,414,222,0,0,0,0,0,0,0,0,0,0,0,0,0,0,0,0,0,0,0,0
0,2,12,5,132,0,0,0,0,0,0,0,0,0,0,0,0,0,0,0,0,0,0,0,0,0
1,9,8,65,11,2,162,1548,31,4,29,80,7,0,0,0,0,0,0,0,0,0,0,0,0,0
0,593,985,11,1419,26,82,11,2,86,175,667,2,955,0,0,0,0,0,0,0,0,0,0,0,0
1,18,8,61,3,1210,0,0,0,0,0,0,0,0,0,0,0,0,0,0,0,0,0,0,0,0
1,20,88,2,619,370,3,10,5,1026,3,191,32,2,234,26,6,67,648,32,2,229,0,0,0,0
1,65,11,2,179,286,14,288,31,4,52,628,38,30,7,81,0,0,0,0,0,0,0,0,0,0
1,4,45,25,30,154,148,135,0,0,0,0,0,0,0,0,0,0,0,0,0,0,0,0,0,0
0,20,680,1072,7,201,6,916,35,510,36,4,48,55,121,10,160,556,2,84,128,9,65,0,0,0
1,4,964,339,1542,3,4,29,80,30,181,451,276,0,0,0,0,0,0,0,0,0,0,0,0,0
1,38,7,15,16,582,0,0,0,0,0,0,0,0,0,0,0,0,0,0,0,0,0,0,0,0
1,12,5,21,1295,0,0,0,0,0,0,0,0,0,0,0,0,0,0,0,0,0,0,0,0,0
1,2,411,35,1066,127,201,87,122,21,715,3,222,0,0,0,0,0,0,0,0,0,0,0,0,0
1,9,15,120,10,0,0,0,0,0,0,0,0,0,0,0,0,0,0,0,0,0,0,0,0,0
1,869,17,0,0,0,0,0,0,0,0,0,0,0,0,0,0,0,0,0,0,0,0,0,0,0
0,472,31,110,328,37,1545,2,924,0,0,0,0,0,0,0,0,0,0,0,0,0,0,0,0,0
0,2,1523,58,75,66,1351,11,668,9,15,1389,0,0,0,0,0,0,0,0,0,0,0,0,0,0
0,486,3,13,17,0,0,0,0,0,0,0,0,0,0,0,0,0,0,0,0,0,0,0,0,0
1,37,42,130,7,201,56,77,6,17,65,0,0,0,0,0,0,0,0,0,0,0,0,0,0,0
0,19,360,5,285,117,125,486,3,346,0,0,0,0,0,0,0,0,0,0,0,0,0,0,0,0
1,71,147,15,0,0,0,0,0,0,0,0,0,0,0,0,0,0,0,0,0,0,0,0,0,0
0,7,19,1422,241,244,979,51,2,86,737,11,273,1327,4,29,49,150,0,0,0,0,0,0,0,0
1,23,12,16,2,196,58,8,24,402,117,3,297,103,0,0,0,0,0,0,0,0,0,0,0,0
0,19,331,22,2,1164,1581,275,58,5,553,0,0,0,0,0,0,0,0,0,0,0,0,0,0,0
0,2,115,5,24,1090,11,43,291,3,103,87,122,24,748,4,52,13,821,9,15,0,0,0,0,0
1,2,152,3,2,357,27,14,19,1070,2,50,614,35,1308,0,0,0,0,0,0,0,0,0,0,0
0,64,580,142,5,71,198,981,0,0,0,0,0,0,0,0,0,0,0,0,0,0,0,0,0,0
1,171,601,1436,411,0,0,0,0,0,0,0,0,0,0,0,0,0,0,0,0,0,0,0,0,0
0,170,5,284,78,438,82,1578,291,7,25,1024,35,403,620,0,0,0,0,0,0,0,0,0,0,0
0,51,89,51,237,39,7,38,30,4,249,121,1042,2,1619,18,3,45,60,283,0,0,0,0,0,0
1,9,393,6,356,303,70,9,8,6,1338,209,613,0,0,0,0,0,0,0,0,0,0,0,0,0
0,2,999,4,29,8,31,37,1521,1670,1657,16,6,281,31,8,66,1587,113,6,353,475,58,539,162,3
0,4,389,26,6,839,1652,3,239,277,2,947,11,2,161,0,0,0,0,0,0,0,0,0,0,0
1,4,88,2,731,289,3,10,5,2,106,41,237,22,42,158,289,276,92,1298,1320,495,444,684,0,0
0,2,522,11,2,12,5,434,0,0,0,0,0,0,0,0,0,0,0,0,0,0,0,0,0,0
1,37,157,143,7,201,149,33,0,0,0,0,0,0,0,0,0,0,0,0,0,0,0,0,0,0
1,2,585,108,5,21,191,3,692,104,2,925,911,0,0,0,0,0,0,0,0,0,0,0,0,0
0,76,5,304,282,3,42,46,27,21,154,118,510,4,52,84,7,1428,35,242,6,716,14,57,0,0
1,14,609,75,92,7,930,59,7,439,99,48,164,170,5,21,147,0,0,0,0,0,0,0,0,0
1,21,20,110,7,788,3,22,6,206,1645,0,0,0,0,0,0,0,0,0,0,0,0,0,0,0
0,2,331,1261,403,200,1496,357,3,43,300,42,62,13,308,54,382,310,0,0,0,0,0,0,0,0
0,37,29,571,1616,774,636,3,347,182,7,241,65,69,636,55,308,54,12,0,0,0,0,0,0,0
1,23,353,14,609,95,21,17,69,28,183,33,181,118,353,45,13,1131,56,1365,0,0,0,0,0,0
1,329,24,194,36,68,0,0,0,0,0,0,0,0,0,0,0,0,0,0,0,0,0,0,0,0
1,2,741,1020,8,74,11,9,447,0,0,0,0,0,0,0,0,0,0,0,0,0,0,0,0,0
0,2,212,33,62,13,122,39,6,185,358,36,90,11,6,1407,1219,1310,16,345,3,1582,0,0,0,0
1,2,431,8,48,142,620,3,24,67,0,0,0,0,0,0,0,0,0,0,0,0,0,0,0,0
0,237,369,107,1644,12,171,0,0,0,0,0,0,0,0,0,0,0,0,0,0,0,0,0,0,0
1,37,53,140,905,1220,1099,250,26,396,3,82,194,1027,1080,172,31,5,74,11,9,447,0,0,0,0
0,56,278,825,111,1471,43,115,1255,351,0,0,0,0,0,0,0,0,0,0,0,0,0,0,0,0
0,10,5,414,434,0,0,0,0,0,0,0,0,0,0,0,0,0,0,0,0,0,0,0,0,0
0,69,4,1071,2,281,4,5,235,36,13,14,6,17,129,0,0,0,0,0,0,0,0,0,0,0
0,19,102,5,13,1472,0,0,0,0,0,0,0,0,0,0,0,0,0,0,0,0,0,0,0,0
0,9,15,8,129,131,228,16,292,12,0,0,0,0,0,0,0,0,0,0,0,0,0,0,0,0
1,173,27,24,226,1331,27,221,32,2,172,8,400,103,3,2,884,8,13,1399,14,1137,0,0,0,0
1,17,457,23,12,23,18,0,0,0,0,0,0,0,0,0,0,0,0,0,0,0,0,0,0,0
0,285,18,2,335,103,119,122,39,4,5,827,181,41,76,109,7,2,169,0,0,0,0,0,0,0
1,40,14,40,4,146,677,28,236,25,30,0,0,0,0,0,0,0,0,0,0,0,0,0,0,0
1,237,84,7,38,30,0,0,0,0,0,0,0,0,0,0,0,0,0,0,0,0,0,0,0,0
1,19,106,336,7,1245,5,6,1438,0,0,0,0,0,0,0,0,0,0,0,0,0,0,0,0,0
1,37,22,6,779,806,26,6,1525,31,5,1360,3,4,388,2,793,487,728,26,332,764,0,0,0,0
1,4,53,22,7,134,19,1113,1104,1291,984,528,26,1035,427,3,37,34,73,1328,3,68,0,0,0,0
1,1322,99,16,2,12,2,583,14,2,1569,899,16,401,23,735,193,1177,87,14,7,107,0,0,0,0
0,471,2,1515,32,19,410,96,5,247,0,0,0,0,0,0,0,0,0,0,0,0,0,0,0,0
0,1487,852,18,0,0,0,0,0,0,0,0,0,0,0,0,0,0,0,0,0,0,0,0,0,0
0,9,15,8,623,0,0,0,0,0,0,0,0,0,0,0,0,0,0,0,0,0,0,0,0,0
0,20,559,503,46,16,686,83,26,66,65,1620,7,192,43,102,0,0,0,0,0,0,0,0,0,0
1,79,240,2,50,1513,20,29,49,22,0,0,0,0,0,0,0,0,0,0,0,0,0,0,0,0
0,91,22,162,1609,104,2,1282,837,0,0,0,0,0,0,0,0,0,0,0,0,0,0,0,0,0
0,383,95,48,54,456,606,36,91,80,217,3,4,219,10,5,435,35,50,0,0,0,0,0,0,0
1,17,18,24,184,3,568,7,1565,0,0,0,0,0,0,0,0,0,0,0,0,0,0,0,0,0
0,62,13,39,35,40,0,0,0,0,0,0,0,0,0,0,0,0,0,0,0,0,0,0,0,0
1,515,521,53,0,0,0,0,0,0,0,0,0,0,0,0,0,0,0,0,0,0,0,0,0,0
0,926,1294,975,152,8,6,15,20,901,900,251,242,43,142,269,7,57,0,0,0,0,0,0,0,0
0,338,20,199,29,574,2,673,32,1182,161,164,180,20,88,5,482,0,0,0,0,0,0,0,0,0
0,504,612,575,3,4,27,187,1401,277,0,0,0,0,0,0,0,0,0,0,0,0,0,0,0,0
1,95,167,1395,59,104,761,0,0,0,0,0,0,0,0,0,0,0,0,0,0,0,0,0,0,0
0,4,22,2,1151,93,3,10,5,71,124,21,4,45,13,25,205,31,81,0,0,0,0,0,0,0
1,2,50,15,7,38,16,6,133,661,11,227,0,0,0,0,0,0,0,0,0,0,0,0,0,0
0,40,14,40,1274,293,1599,5,6,318,11,6,1329,0,0,0,0,0,0,0,0,0,0,0,0,0
0,10,5,21,126,4,22,556,2,405,7,602,10,0,0,0,0,0,0,0,0,0,0,0,0,0
1,68,3,4,45,166,25,30,0,0,0,0,0,0,0,0,0,0,0,0,0,0,0,0,0,0
1,9,261,77,103,9,15,6,199,354,711,20,27,14,341,81,0,0,0,0,0,0,0,0,0,0
0,36,190,37,109,30,247,0,0,0,0,0,0,0,0,0,0,0,0,0,0,0,0,0,0,0
1,467,5,19,106,134,11,6,1547,1293,204,621,3,4,29,7,344,28,10,5,90,113,4,49,219,373
0,20,848,26,2,759,360,58,5,1552,14,643,3,1078,168,178,0,0,0,0,0,0,0,0,0,0
1,317,10,74,0,0,0,0,0,0,0,0,0,0,0,0,0,0,0,0,0,0,0,0,0,0
1,67,194,3,191,0,0,0,0,0,0,0,0,0,0,0,0,0,0,0,0,0,0,0,0,0
0,13,6,490,1378,109,74,7,279,47,20,34,537,139,159,1092,6,333,512,230,37,1340,359,87,43,12
1,4,408,10,188,99,190,3,75,1302,10,188,99,140,0,0,0,0,0,0,0,0,0,0,0,0
1,2,12,5,379,3,2,173,34,24,226,0,0,0,0,0,0,0,0,0,0,0,0,0,0,0
0,2,18,5,13,59,7,527,310,0,0,0,0,0,0,0,0,0,0,0,0,0,0,0,0,0
1,47,441,13,607,317,10,74,0,0,0,0,0,0,0,0,0,0,0,0,0,0,0,0,0,0
1,23,15,7,29,6,1465,313,3,452,165,3,40,853,1371,51,2,726,27,1462,26,757,0,0,0,0
1,576,366,0,0,0,0,0,0,0,0,0,0,0,0,0,0,0,0,0,0,0,0,0,0,0
0,124,13,6,1169,9,15,16,6,1081,11,966,3,4,55,130,7,214,41,32,126,943,236,562,10,35
0,36,2,18,5,665,126,0,0,0,0,0,0,0,0,0,0,0,0,0,0,0,0,0,0,0
1,2,355,27,40,98,767,3,53,377,246,0,0,0,0,0,0,0,0,0,0,0,0,0,0,0
0,2,758,3,506,320,34,124,0,0,0,0,0,0,0,0,0,0,0,0,0,0,0,0,0,0
0,4,171,1534,429,31,2,531,120,21,154,752,1377,31,40,27,365,322,39,1511,26,54,1257,635,198,0
0,20,123,13,429,143,420,2,1058,34,0,0,0,0,0,0,0,0,0,0,0,0,0,0,0,0
1,4,42,307,208,33,0,0,0,0,0,0,0,0,0,0,0,0,0,0,0,0,0,0,0,0
0,20,63,25,92,30,255,135,0,0,0,0,0,0,0,0,0,0,0,0,0,0,0,0,0,0
0,132,385,0,0,0,0,0,0,0,0,0,0,0,0,0,0,0,0,0,0,0,0,0,0,0
1,2,543,27,6,199,29,0,0,0,0,0,0,0,0,0,0,0,0,0,0,0,0,0,0,0
0,20,216,16,792,83,7,25,280,438,46,34,1658,743,348,3,20,34,2,72,411,215,0,0,0,0
1,29,80,92,276,1666,3,181,200,120,80,147,0,0,0,0,0,0,0,0,0,0,0,0,0,0
0,140,2,654,680,51,17,2,101,58,459,7,25,73,8,1405,3,600,0,0,0,0,0,0,0,0
1,2,1276,40,22,355,3,43,152,1155,871,264,120,22,152,35,2,50,3,86,286,363,10,5,2,50
0,4,596,6,488,1223,293,287,11,708,14,19,361,0,0,0,0,0,0,0,0,0,0,0,0,0
1,1097,4,112,28,27,23,0,0,0,0,0,0,0,0,0,0,0,0,0,0,0,0,0,0,0
1,9,15,5,352,6,67,814,0,0,0,0,0,0,0,0,0,0,0,0,0,0,0,0,0,0
1,84,2,1143,131,0,0,0,0,0,0,0,0,0,0,0,0,0,0,0,0,0,0,0,0,0
0,2,153,5,71,312,4,22,2,487,1555,3,371,374,0,0,0,0,0,0,0,0,0,0,0,0
1,50,301,91,49,22,14,19,1174,0,0,0,0,0,0,0,0,0,0,0,0,0,0,0,0,0
1,115,62,6,23,392,1267,43,294,929,169,0,0,0,0,0,0,0,0,0,0,0,0,0,0,0
1,2,407,418,5,24,1457,3,601,0,0,0,0,0,0,0,0,0,0,0,0,0,0,0,0,0
1,2,1497,27,40,1266,3,68,0,0,0,0,0,0,0,0,0,0,0,0,0,0,0,0,0,0
1,17,18,317,0,0,0,0,0,0,0,0,0,0,0,0,0,0,0,0,0,0,0,0,0,0
0,2,18,5,132,12,5,292,0,0,0,0,0,0,0,0,0,0,0,0,0,0,0,0,0,0
1,21,17,4,256,92,7,29,7,509,9,15,217,230,1250,6,463,7,2,15,3,230,51,6,463,7
1,51,127,2,612,5,261,3,2,12,68,0,0,0,0,0,0,0,0,0,0,0,0,0,0,0
1,35,106,1300,10,8,6,555,673,426,67,212,184,61,100,0,0,0,0,0,0,0,0,0,0,0
0,342,1551,608,0,0,0,0,0,0,0,0,0,0,0,0,0,0,0,0,0,0,0,0,0,0
0,12,5,435,35,50,0,0,0,0,0,0,0,0,0,0,0,0,0,0,0,0,0,0,0,0
0,4,558,14,2,542,21,4,256,78,4,63,25,30,33,164,10,8,6,1476,387,0,0,0,0,0
0,2,18,5,304,136,0,0,0,0,0,0,0,0,0,0,0,0,0,0,0,0,0,0,0,0
1,160,167,738,198,2,832,16,2,374,666,45,283,142,41,75,14,57,0,0,0,0,0,0,0,0
0,4,29,80,14,90,113,6,179,672,14,57,3,144,13,49,965,125,1520,16,473,333,0,0,0,0
1,155,10,61,278,23,12,261,3,1226,94,0,0,0,0,0,0,0,0,0,0,0,0,0,0,0
1,12,5,17,18,5,17,173,34,17,0,0,0,0,0,0,0,0,0,0,0,0,0,0,0,0
0,124,3,600,8,6,17,129,11,1433,2,432,800,153,0,0,0,0,0,0,0,0,0,0,0,0
0,2,203,257,148,4,22,233,33,120,80,126,0,0,0,0,0,0,0,0,0,0,0,0,0,0
1,9,15,8,39,1509,36,162,0,0,0,0,0,0,0,0,0,0,0,0,0,0,0,0,0,0
0,16,18,4,299,149,66,99,0,0,0,0,0,0,0,0,0,0,0,0,0,0,0,0,0,0
0,2,1543,660,32,2,118,1269,5,21,282,0,0,0,0,0,0,0,0,0,0,0,0,0,0,0
0,2,530,42,42,380,7,976,125,868,1519,560,149,698,19,1321,281,14,189,1047,13,65,0,0,0,0
1,4,84,9,15,0,0,0,0,0,0,0,0,0,0,0,0,0,0,0,0,0,0,0,0,0
0,2,1544,1579,0,0,0,0,0,0,0,0,0,0,0,0,0,0,0,0,0,0,0,0,0,0
0,170,88,6,468,1376,1105,31,109,74,749,0,0,0,0,0,0,0,0,0,0,0,0,0,0,0
0,4,448,14,2,1238,1218,14,1046,458,3,29,959,104,963,1505,165,1162,0,0,0,0,0,0,0,0
1,230,28,121,234,689,25,235,26,2,15,0,0,0,0,0,0,0,0,0,0,0,0,0,0,0
1,50,186,185,0,0,0,0,0,0,0,0,0,0,0,0,0,0,0,0,0,0,0,0,0,0
0,46,8,177,436,97,9,15,0,0,0,0,0,0,0,0,0,0,0,0,0,0,0,0,0,0
0,4,138,52,13,38,33,81,0,0,0,0,0,0,0,0,0,0,0,0,0,0,0,0,0,0
1,9,8,44,379,156,70,26,82,11,2,50,12,4,29,49,150,0,0,0,0,0,0,0,0,0
0,342,1178,4,52,89,369,48,38,7,2,1536,599,896,3,1529,644,0,0,0,0,0,0,0,0,0
1,2,1171,8,48,632,207,7,496,2,1112,0,0,0,0,0,0,0,0,0,0,0,0,0,0,0
1,1175,188,194,5,174,213,857,210,176,712,2,275,0,0,0,0,0,0,0,0,0,0,0,0,0
0,4,55,112,266,25,92,30,255,135,0,0,0,0,0,0,0,0,0,0,0,0,0,0,0,0
1,95,39,6,42,902,525,14,56,381,213,441,1064,1330,26,2,1236,524,35,2,525,0,0,0,0,0
0,4,45,60,38,30,7,9,15,3,45,60,49,366,9,15,7,681,0,0,0,0,0,0,0,0
0,47,46,34,259,99,4,52,299,10,259,99,0,0,0,0,0,0,0,0,0,0,0,0,0,0
0,197,4,168,24,235,26,1084,0,0,0,0,0,0,0,0,0,0,0,0,0,0,0,0,0,0
1,197,6,23,77,0,0,0,0,0,0,0,0,0,0,0,0,0,0,0,0,0,0,0,0,0
0,128,189,4,239,623,0,0,0,0,0,0,0,0,0,0,0,0,0,0,0,0,0,0,0,0
1,47,28,84,436,548,12,3,130,6,450,1546,11,394,443,68,1134,7,646,104,28,380,7,218,9,15
0,1385,9,387,291,6,1489,1061,0,0,0,0,0,0,0,0,0,0,0,0,0,0,0,0,0,0
1,2,1150,33,27,1216,17,0,0,0,0,0,0,0,0,0,0,0,0,0,0,0,0,0,0,0
0,368,114,554,1179,25,399,694,8,13,31,17,0,0,0,0,0,0,0,0,0,0,0,0,0,0
0,37,1394,90,113,2,1607,0,0,0,0,0,0,0,0,0,0,0,0,0,0,0,0,0,0,0
0,88,96,370,109,14,266,314,0,0,0,0,0,0,0,0,0,0,0,0,0,0,0,0,0,0
0,2,65,182,540,8,2,740,123,745,82,747,0,0,0,0,0,0,0,0,0,0,0,0,0,0
0,1091,7,116,4,63,25,92,30,255,135,0,0,0,0,0,0,0,0,0,0,0,0,0,0,0
0,4,63,25,30,0,0,0,0,0,0,0,0,0,0,0,0,0,0,0,0,0,0,0,0,0
1,470,654,34,73,0,0,0,0,0,0,0,0,0,0,0,0,0,0,0,0,0,0,0,0,0
0,2,96,22,166,66,105,2,153,295,5,464,124,2,96,5,532,3,46,5,66,1522,105,0,0,0
1,48,51,17,51,69,4,22,10,90,113,6,445,684,0,0,0,0,0,0,0,0,0,0,0,0
1,4,88,2,1181,973,1230,1498,58,5,53,395,0,0,0,0,0,0,0,0,0,0,0,0,0,0
1,197,4,39,9,15,6,202,0,0,0,0,0,0,0,0,0,0,0,0,0,0,0,0,0,0
0,2,920,5,97,406,11,6,1299,262,409,3,5,687,937,0,0,0,0,0,0,0,0,0,0,0
0,19,1345,85,2,1234,974,3,37,210,386,131,1626,0,0,0,0,0,0,0,0,0,0,0,0,0
1,2,94,22,21,89,17,829,32,10,4,123,13,1446,0,0,0,0,0,0,0,0,0,0,0,0
0,4,52,13,137,9,15,0,0,0,0,0,0,0,0,0,0,0,0,0,0,0,0,0,0,0
0,4,22,2,108,227,3,10,150,24,124,0,0,0,0,0,0,0,0,0,0,0,0,0,0,0
1,21,1655,206,0,0,0,0,0,0,0,0,0,0,0,0,0,0,0,0,0,0,0,0,0,0
0,2,238,34,13,204,3,1089,5,19,96,0,0,0,0,0,0,0,0,0,0,0,0,0,0,0
0,10,5,6,1053,643,1214,11,67,3,648,3,120,66,105,0,0,0,0,0,0,0,0,0,0,0
1,2,12,8,939,21,102,1654,0,0,0,0,0,0,0,0,0,0,0,0,0,0,0,0,0,0
0,60,92,30,0,0,0,0,0,0,0,0,0,0,0,0,0,0,0,0,0,0,0,0,0,0
0,197,4,5,24,78,26,2,117,11,12,35,1562,0,0,0,0,0,0,0,0,0,0,0,0,0
0,4,22,97,189,663,3,956,7,107,1633,0,0,0,0,0,0,0,0,0,0,0,0,0,0,0
0,138,60,145,30,3,330,137,10,0,0,0,0,0,0,0,0,0,0,0,0,0,0,0,0,0
1,52,183,30,81,47,4,22,6,114,1460,265,14,57,0,0,0,0,0,0,0,0,0,0,0,0
0,55,144,10,0,0,0,0,0,0,0,0,0,0,0,0,0,0,0,0,0,0,0,0,0,0
1,10,8,174,16,6,886,182,303,200,139,121,783,26,6,179,300,0,0,0,0,0,0,0,0,0
1,9,8,65,11,2,50,672,26,12,14,57,0,0,0,0,0,0,0,0,0,0,0,0,0,0
1,71,640,4,52,116,0,0,0,0,0,0,0,0,0,0,0,0,0,0,0,0,0,0,0,0
1,9,8,2,15,213,4,106,22,227,3,10,5,73,0,0,0,0,0,0,0,0,0,0,0,0
1,171,1194,204,1524,1186,0,0,0,0,0,0,0,0,0,0,0,0,0,0,0,0,0,0,0,0
1,9,1243,14,2,454,120,23,548,834,274,3,61,100,0,0,0,0,0,0,0,0,0,0,0,0
1,1442,145,30,7,661,142,41,0,0,0,0,0,0,0,0,0,0,0,0,0,0,0,0,0,0
1,4,45,1477,7,183,33,32,1190,141,1637,1449,141,576,137,9,15,7,681,264,8,14,2,254,0,0
0,6,1288,751,200,0,0,0,0,0,0,0,0,0,0,0,0,0,0,0,0,0,0,0,0,0
0,9,65,8,887,6,1425,0,0,0,0,0,0,0,0,0,0,0,0,0,0,0,0,0,0,0
0,571,55,214,56,41,3,232,0,0,0,0,0,0,0,0,0,0,0,0,0,0,0,0,0,0
0,4,5,1110,0,0,0,0,0,0,0,0,0,0,0,0,0,0,0,0,0,0,0,0,0,0
1,477,79,242,2,564,384,1605,1242,198,938,842,367,3,155,10,0,0,0,0,0,0,0,0,0,0
1,2,1454,53,134,573,58,8,44,610,1015,0,0,0,0,0,0,0,0,0,0,0,0,0,0,0
1,2,253,5,23,26,6,555,1392,11,734,1019,870,20,949,0,0,0,0,0,0,0,0,0,0,0
1,9,15,8,6,1203,14,1188,57,3,1369,64,91,80,1239,7,1339,14,1094,801,444,1165,33,0,0,0
0,18,5,136,3,13,252,0,0,0,0,0,0,0,0,0,0,0,0,0,0,0,0,0,0,0
0,63,49,38,33,81,0,0,0,0,0,0,0,0,0,0,0,0,0,0,0,0,0,0,0,0
1,32,2,17,223,2,100,5,1304,1018,3,1375,6,368,768,0,0,0,0,0,0,0,0,0,0,0
1,1073,4,239,39,4,22,60,311,343,12,337,9,244,0,0,0,0,0,0,0,0,0,0,0,0
1,4,155,2,585,101,950,119,11,561,567,101,0,0,0,0,0,0,0,0,0,0,0,0,0,0
0,729,176,972,8,40,4,256,917,0,0,0,0,0,0,0,0,0,0,0,0,0,0,0,0,0
0,4,55,157,64,2,1588,245,8,97,9,15,36,4,63,25,30,695,0,0,0,0,0,0,0,0
0,4,5,24,78,0,0,0,0,0,0,0,0,0,0,0,0,0,0,0,0,0,0,0,0,0
0,483,56,232,309,0,0,0,0,0,0,0,0,0,0,0,0,0,0,0,0,0,0,0,0,0
1,9,5,19,106,3,72,57,185,3,10,62,13,624,0,0,0,0,0,0,0,0,0,0,0,0
1,4,155,2,433,697,1448,0,0,0,0,0,0,0,0,0,0,0,0,0,0,0,0,0,0,0
0,334,14,3,2,15,881,39,44,231,1289,769,3,72,326,534,46,208,0,0,0,0,0,0,0,0
0,128,2,419,315,20,110,309,16,316,0,0,0,0,0,0,0,0,0,0,0,0,0,0,0,0
0,45,13,25,30,0,0,0,0,0,0,0,0,0,0,0,0,0,0,0,0,0,0,0,0,0
1,4,519,37,63,624,0,0,0,0,0,0,0,0,0,0,0,0,0,0,0,0,0,0,0,0
0,2,502,244,8,284,1628,16,457,51,98,0,0,0,0,0,0,0,0,0,0,0,0,0,0,0
1,18,5,1367,3,12,5,6,17,51,40,2,508,0,0,0,0,0,0,0,0,0,0,0,0,0
0,338,10,5,13,17,0,0,0,0,0,0,0,0,0,0,0,0,0,0,0,0,0,0,0,0
1,2,493,27,627,1116,1103,688,589,518,332,1473,1596,0,0,0,0,0,0,0,0,0,0,0,0,0
1,20,22,6,1278,11,1659,69,20,1504,20,52,72,29,324,3,37,1268,87,1595,0,0,0,0,0,0
1,10,5,48,13,6,591,77,0,0,0,0,0,0,0,0,0,0,0,0,0,0,0,0,0,0
1,66,642,0,0,0,0,0,0,0,0,0,0,0,0,0,0,0,0,0,0,0,0,0,0,0
1,19,428,3,4,503,35,2,211,3,22,6,641,1437,77,0,0,0,0,0,0,0,0,0,0,0
0,18,350,0,0,0,0,0,0,0,0,0,0,0,0,0,0,0,0,0,0,0,0,0,0,0
1,2,357,191,3,545,0,0,0,0,0,0,0,0,0,0,0,0,0,0,0,0,0,0,0,0
1,53,46,27,1492,39,6,96,238,3,319,16,1665,58,8,6,630,245,0,0,0,0,0,0,0,0
0,128,215,44,397,3,125,280,4,5,13,14,2,1287,11,1111,0,0,0,0,0,0,0,0,0,0
0,9,8,6,1421,0,0,0,0,0,0,0,0,0,0,0,0,0,0,0,0,0,0,0,0,0
1,44,1656,199,336,0,0,0,0,0,0,0,0,0,0,0,0,0,0,0,0,0,0,0,0,0
1,9,5,6,421,635,113,2,287,2,118,161,36,193,261,3,191,927,98,51,98,1332,0,0,0,0
1,4,84,54,238,3,54,669,0,0,0,0,0,0,0,0,0,0,0,0,0,0,0,0,0,0
0,75,13,208,33,0,0,0,0,0,0,0,0,0,0,0,0,0,0,0,0,0,0,0,0,0
0,2,86,77,49,0,0,0,0,0,0,0,0,0,0,0,0,0,0,0,0,0,0,0,0,0
0,2,96,4,85,2,589,850,6,1668,96,3,5,390,11,78,0,0,0,0,0,0,0,0,0,0
0,9,8,2,86,114,4,29,49,107,1589,1469,0,0,0,0,0,0,0,0,0,0,0,0,0,0
1,402,117,108,32,2,108,1541,93,0,0,0,0,0,0,0,0,0,0,0,0,0,0,0,0,0
1,45,38,30,142,269,74,0,0,0,0,0,0,0,0,0,0,0,0,0,0,0,0,0,0,0
0,47,874,1068,189,274,1413,28,112,10,384,25,526,11,423,18,7,437,47,10,8,1493,139,1642,1530,0
1,2,531,459,7,448,35,1085,21,9,15,8,42,492,16,406,2,196,0,0,0,0,0,0,0,0
1,2,506,320,281,150,42,17,0,0,0,0,0,0,0,0,0,0,0,0,0,0,0,0,0,0
1,4,22,2,536,467,7,921,56,73,1025,0,0,0,0,0,0,0,0,0,0,0,0,0,0,0
1,147,18,3,12,0,0,0,0,0,0,0,0,0,0,0,0,0,0,0,0,0,0,0,0,0
0,10,1191,105,908,462,3,312,0,0,0,0,0,0,0,0,0,0,0,0,0,0,0,0,0,0
0,144,327,6,605,3,481,321,104,9,244,0,0,0,0,0,0,0,0,0,0,0,0,0,0,0
1,2,1007,34,23,3,21,5,2,1583,0,0,0,0,0,0,0,0,0,0,0,0,0,0,0,0
1,24,17,233,221,0,0,0,0,0,0,0,0,0,0,0,0,0,0,0,0,0,0,0,0,0
1,1305,1010,3,23,134,0,0,0,0,0,0,0,0,0,0,0,0,0,0,0,0,0,0,0,0
0,4,63,25,30,0,0,0,0,0,0,0,0,0,0,0,0,0,0,0,0,0,0,0,0,0
1,1074,27,7,626,16,0,0,0,0,0,0,0,0,0,0,0,0,0,0,0,0,0,0,0,0
1,31,48,915,561,14,19,1566,873,53,71,370,33,14,57,0,0,0,0,0,0,0,0,0,0,0
0,95,13,579,7,201,6,630,1271,0,0,0,0,0,0,0,0,0,0,0,0,0,0,0,0,0
1,4,22,6,171,877,186,33,0,0,0,0,0,0,0,0,0,0,0,0,0,0,0,0,0,0
0,69,19,1114,3,4,85,400,170,569,85,277,3,170,72,22,6,179,663,11,93,0,0,0,0,0
1,14,44,394,526,11,341,9,15,8,73,0,0,0,0,0,0,0,0,0,0,0,0,0,0,0
0,36,140,4,5,641,1280,74,0,0,0,0,0,0,0,0,0,0,0,0,0,0,0,0,0,0
0,4,1482,9,796,0,0,0,0,0,0,0,0,0,0,0,0,0,0,0,0,0,0,0,0,0
0,2,1023,34,2,86,91,49,150,0,0,0,0,0,0,0,0,0,0,0,0,0,0,0,0,0
0,10,5,6,296,1613,258,1661,287,11,639,31,5,257,1662,1283,3,1349,0,0,0,0,0,0,0,0
0,20,63,25,92,30,0,0,0,0,0,0,0,0,0,0,0,0,0,0,0,0,0,0,0,0
1,54,94,8,1416,3,515,521,0,0,0,0,0,0,0,0,0,0,0,0,0,0,0,0,0,0
0,888,2,1434,1145,62,13,116,6,705,11,1630,69,43,12,5,1663,83,564,0,0,0,0,0,0,0
1,4,39,844,164,95,632,3,10,604,39,6,211,0,0,0,0,0,0,0,0,0,0,0,0,0
1,9,15,8,23,0,0,0,0,0,0,0,0,0,0,0,0,0,0,0,0,0,0,0,0,0
1,23,12,3,147,18,0,0,0,0,0,0,0,0,0,0,0,0,0,0,0,0,0,0,0,0
1,76,109,365,128,87,69,76,516,19,570,22,389,401,816,32,2,169,0,0,0,0,0,0,0,0
1,236,160,25,14,135,81,0,0,0,0,0,0,0,0,0,0,0,0,0,0,0,0,0,0,0
1,67,212,0,0,0,0,0,0,0,0,0,0,0,0,0,0,0,0,0,0,0,0,0,0,0
1,9,15,8,147,47,28,130,485,1173,3,578,242,2,817,0,0,0,0,0,0,0,0,0,0,0
0,4,249,344,28,143,78,4,5,0,0,0,0,0,0,0,0,0,0,0,0,0,0,0,0,0
0,128,686,83,111,4,85,6,169,0,0,0,0,0,0,0,0,0,0,0,0,0,0,0,0,0
0,9,15,8,13,117,114,10,8,13,6,117,70,0,0,0,0,0,0,0,0,0,0,0,0,0
1,4,22,835,345,58,5,17,0,0,0,0,0,0,0,0,0,0,0,0,0,0,0,0,0,0
0,46,8,21,89,17,12,14,57,31,4,122,1518,16,723,44,208,536,79,92,7,507,3,1490,0,0
0,2,18,5,6,156,136,424,31,34,359,79,257,175,278,21,2,12,5,145,14,6,136,1057,0,0
0,6,416,790,550,28,144,13,130,7,111,322,16,406,44,397,16,56,12,36,875,69,20,616,59,92
1,47,28,481,14,57,28,199,121,186,33,35,563,230,0,0,0,0,0,0,0,0,0,0,0,0
1,20,34,995,586,3,280,0,0,0,0,0,0,0,0,0,0,0,0,0,0,0,0,0,0,0
1,1030,12,18,3,212,0,0,0,0,0,0,0,0,0,0,0,0,0,0,0,0,0,0,0,0
1,4,388,2,1041,3,2,18,5,379,0,0,0,0,0,0,0,0,0,0,0,0,0,0,0,0
1,44,1361,94,990,1159,11,535,16,186,0,0,0,0,0,0,0,0,0,0,0,0,0,0,0,0
1,2,1270,1098,108,5,53,24,133,0,0,0,0,0,0,0,0,0,0,0,0,0,0,0,0,0
1,18,8,174,3,2,303,253,8,67,7,279,0,0,0,0,0,0,0,0,0,0,0,0,0,0
0,4,270,30,19,232,3,85,1062,46,0,0,0,0,0,0,0,0,0,0,0,0,0,0,0,0
1,19,940,152,5,246,377,3,22,23,1127,105,0,0,0,0,0,0,0,0,0,0,0,0,0,0
0,791,78,0,0,0,0,0,0,0,0,0,0,0,0,0,0,0,0,0,0,0,0,0,0,0
1,37,34,158,0,0,0,0,0,0,0,0,0,0,0,0,0,0,0,0,0,0,0,0,0,0
1,24,17,272,0,0,0,0,0,0,0,0,0,0,0,0,0,0,0,0,0,0,0,0,0,0
0,4,51,98,699,590,1296,259,99,47,373,0,0,0,0,0,0,0,0,0,0,0,0,0,0,0
0,12,5,42,1564,0,0,0,0,0,0,0,0,0,0,0,0,0,0,0,0,0,0,0,0,0
1,4,84,2,227,3,2,851,505,538,21,260,28,29,7,218,0,0,0,0,0,0,0,0,0,0
1,2,248,3,361,34,42,17,2,361,5,24,178,0,0,0,0,0,0,0,0,0,0,0,0,0
1,4,155,54,1101,246,14,9,262,960,2,619,5,191,3,54,372,243,34,68,0,0,0,0,0,0
0,19,93,22,6,124,455,32,2,675,1286,3,1256,11,1052,0,0,0,0,0,0,0,0,0,0,0
0,91,1166,33,276,1667,3,9,5,2,106,3,203,41,91,479,1326,1211,9,15,0,0,0,0,0,0
1,316,1049,1468,5,73,0,0,0,0,0,0,0,0,0,0,0,0,0,0,0,0,0,0,0,0
0,2,18,33,8,1356,35,50,0,0,0,0,0,0,0,0,0,0,0,0,0,0,0,0,0,0
1,48,22,233,33,3,22,6,23,77,0,0,0,0,0,0,0,0,0,0,0,0,0,0,0,0
0,20,85,2,12,3,1627,37,29,60,577,11,922,3,2,1600,32,2,301,5,425,0,0,0,0,0
1,50,18,3,12,49,1142,43,115,5,21,17,3,61,170,103,43,161,0,0,0,0,0,0,0,0
1,19,428,339,2,1133,108,93,3,1346,14,84,0,0,0,0,0,0,0,0,0,0,0,0,0,0
0,24,136,35,500,159,26,948,0,0,0,0,0,0,0,0,0,0,0,0,0,0,0,0,0,0
0,10,5,304,1453,3,71,346,0,0,0,0,0,0,0,0,0,0,0,0,0,0,0,0,0,0
1,9,8,6,23,15,7,107,0,0,0,0,0,0,0,0,0,0,0,0,0,0,0,0,0,0
0,132,18,0,0,0,0,0,0,0,0,0,0,0,0,0,0,0,0,0,0,0,0,0,0,0
1,95,645,7,19,297,95,1154,1196,541,1350,1646,173,17,12,0,0,0,0,0,0,0,0,0,0,0
0,46,5,1263,165,153,0,0,0,0,0,0,0,0,0,0,0,0,0,0,0,0,0,0,0,0
0,128,4,371,59,19,651,4,216,16,323,1669,83,163,125,1651,0,0,0,0,0,0,0,0,0,0
0,66,1640,724,32,2,94,3,2,267,22,166,66,1499,51,7,58,382,62,139,62,13,1480,1036,0,0
0,16,6,906,998,644,426,4,5,709,78,0,0,0,0,0,0,0,0,0,0,0,0,0,0,0
1,2,100,8,61,3,2,1200,8,127,184,0,0,0,0,0,0,0,0,0,0,0,0,0,0,0
0,10,151,622,668,2,543,35,2,1108,36,4,52,305,6,156,318,90,145,104,6,70,0,0,0,0
0,2,18,33,1183,6,202,7,25,1431,0,0,0,0,0,0,0,0,0,0,0,0,0,0,0,0
0,75,138,65,11,2,179,175,7,49,38,7,1231,3,13,39,10,0,0,0,0,0,0,0,0,0
0,282,1221,385,0,0,0,0,0,0,0,0,0,0,0,0,0,0,0,0,0,0,0,0,0,0
0,4,52,251,9,15,47,28,27,846,14,2,1120,0,0,0,0,0,0,0,0,0,0,0,0,0
1,188,99,16,2,658,533,250,1629,0,0,0,0,0,0,0,0,0,0,0,0,0,0,0,0,0
1,47,28,1260,588,33,38,140,0,0,0,0,0,0,0,0,0,0,0,0,0,0,0,0,0,0
0,2,494,254,8,229,21,28,146,72,936,13,192,6,409,494,460,28,55,546,125,1082,16,306,7,279
1,581,182,19,1347,567,70,0,0,0,0,0,0,0,0,0,0,0,0,0,0,0,0,0,0,0
1,72,993,294,500,254,67,211,254,23,491,417,94,2,50,658,533,101,26,573,1406,0,0,0,0,0
0,2,18,5,132,272,0,0,0,0,0,0,0,0,0,0,0,0,0,0,0,0,0,0,0,0
1,24,24,591,647,0,0,0,0,0,0,0,0,0,0,0,0,0,0,0,0,0,0,0,0,0
0,64,6,1117,0,0,0,0,0,0,0,0,0,0,0,0,0,0,0,0,0,0,0,0,0,0
1,477,79,9,15,265,14,1148,16,2,1209,24,61,390,100,0,0,0,0,0,0,0,0,0,0,0
0,197,4,5,13,235,3,52,13,38,30,0,0,0,0,0,0,0,0,0,0,0,0,0,0,0
1,304,133,0,0,0,0,0,0,0,0,0,0,0,0,0,0,0,0,0,0,0,0,0,0,0
1,20,628,307,1065,0,0,0,0,0,0,0,0,0,0,0,0,0,0,0,0,0,0,0,0,0
1,32,6,1009,540,43,115,5,24,252,3,991,23,18,0,0,0,0,0,0,0,0,0,0,0,0
0,20,22,21,89,7,116,97,2,15,163,20,334,14,31,76,412,10,7,25,73,36,5,977,78,0
0,10,5,13,17,0,0,0,0,0,0,0,0,0,0,0,0,0,0,0,0,0,0,0,0,0
1,23,18,3,12,0,0,0,0,0,0,0,0,0,0,0,0,0,0,0,0,0,0,0,0,0
0,4,112,12,224,29,105,3,799,3,187,34,565,0,0,0,0,0,0,0,0,0,0,0,0,0
0,4,55,137,460,56,651,1557,182,14,1316,11,10,3,28,27,847,0,0,0,0,0,0,0,0,0
0,86,12,18,91,22,14,6,265,0,0,0,0,0,0,0,0,0,0,0,0,0,0,0,0,0
1,40,4,29,7,116,8,2,12,5,73,0,0,0,0,0,0,0,0,0,0,0,0,0,0,0
1,4,398,9,15,478,322,0,0,0,0,0,0,0,0,0,0,0,0,0,0,0,0,0,0,0
0,438,4,24,89,388,2,386,3,864,11,9,15,2,1649,77,5,6,318,419,0,0,0,0,0,0
1,2,1334,1603,27,166,73,0,0,0,0,0,0,0,0,0,0,0,0,0,0,0,0,0,0,0
0,4,48,453,7,562,0,0,0,0,0,0,0,0,0,0,0,0,0,0,0,0,0,0,0,0
0,339,7,38,33,16,233,3,10,5,6,1149,0,0,0,0,0,0,0,0,0,0,0,0,0,0
1,54,355,27,1671,366,0,0,0,0,0,0,0,0,0,0,0,0,0,0,0,0,0,0,0,0
1,2,100,5,24,252,0,0,0,0,0,0,0,0,0,0,0,0,0,0,0,0,0,0,0,0
1,9,5,19,106,41,3,4,249,111,337,2,142,0,0,0,0,0,0,0,0,0,0,0,0,0
0,20,53,88,2,854,3,1615,93,2,1217,34,364,3,2,418,559,22,259,134,0,0,0,0,0,0
0,2,108,243,27,537,2,320,8,39,898,1184,0,0,0,0,0,0,0,0,0,0,0,0,0,0
1,19,1343,3,4,109,14,2,1124,11,2,161,3,20,34,586,3,280,225,321,0,0,0,0,0,0
0,9,5,39,2,1341,1572,0,0,0,0,0,0,0,0,0,0,0,0,0,0,0,0,0,0,0
0,2,195,5,138,2,86,91,498,14,57,46,5,1083,0,0,0,0,0,0,0,0,0,0,0,0
0,144,13,214,56,232,33,0,0,0,0,0,0,0,0,0,0,0,0,0,0,0,0,0,0,0
0,4,88,1641,275,58,5,48,725,3,150,39,782,275,26,593,1135,0,0,0,0,0,0,0,0,0
0,47,2,12,393,126,207,16,28,190,308,631,26,2,700,86,1635,1393,175,0,0,0,0,0,0,0
0,1253,66,45,4,38,30,0,0,0,0,0,0,0,0,0,0,0,0,0,0,0,0,0,0,0
1,2,706,34,794,13,795,3,425,683,549,14,56,381,0,0,0,0,0,0,0,0,0,0,0,0
0,4,138,63,25,30,7,25,399,0,0,0,0,0,0,0,0,0,0,0,0,0,0,0,0,0
0,21,14,6,1079,258,2,946,880,39,6,1494,11,6,420,301,1141,3,6,903,0,0,0,0,0,0
0,3,2,962,637,22,21,89,1606,897,3,168,24,133,7,119,0,0,0,0,0,0,0,0,0,0
0,20,216,16,1324,1335,83,14,742,0,0,0,0,0,0,0,0,0,0,0,0,0,0,0,0,0
0,69,19,102,679,65,11,2,582,5,1118,0,0,0,0,0,0,0,0,0,0,0,0,0,0,0
1,273,34,21,17,20,88,149,217,0,0,0,0,0,0,0,0,0,0,0,0,0,0,0,0,0
0,1440,474,8,71,1096,3,224,25,1614,47,373,0,0,0,0,0,0,0,0,0,0,0,0,0,0
1,25,151,7,102,316,159,47,28,380,7,1056,10,7,38,2,785,3,1535,27,187,7,626,16,0,0
0,4,732,14,2,431,1125,233,0,0,0,0,0,0,0,0,0,0,0,0,0,0,0,0,0,0
0,177,222,0,0,0,0,0,0,0,0,0,0,0,0,0,0,0,0,0,0,0,0,0,0,0
0,2,108,449,1479,2,1396,108,153,4,29,49,311,0,0,0,0,0,0,0,0,0,0,0,0,0
1,45,160,25,30,0,0,0,0,0,0,0,0,0,0,0,0,0,0,0,0,0,0,0,0,0
0,160,13,167,2,257,4,529,0,0,0,0,0,0,0,0,0,0,0,0,0,0,0,0,0,0
1,4,1031,84,2,396,376,1608,1354,3,1610,1311,95,73,64,37,144,26,618,0,0,0,0,0,0,0
0,3,190,771,831,0,0,0,0,0,0,0,0,0,0,0,0,0,0,0,0,0,0,0,0,0
1,2,93,22,48,2,225,682,11,172,7,13,176,1005,2,502,58,5,377,246,0,0,0,0,0,0
0,2,859,8,177,222,713,0,0,0,0,0,0,0,0,0,0,0,0,0,0,0,0,0,0,0
0,4,216,3,216,0,0,0,0,0,0,0,0,0,0,0,0,0,0,0,0,0,0,0,0,0
1,2,196,8,226,3,2,18,8,23,0,0,0,0,0,0,0,0,0,0,0,0,0,0,0,0
1,4,405,9,15,0,0,0,0,0,0,0,0,0,0,0,0,0,0,0,0,0,0,0,0,0
1,17,173,0,0,0,0,0,0,0,0,0,0,0,0,0,0,0,0,0,0,0,0,0,0,0
0,48,55,157,263,37,34,21,136,0,0,0,0,0,0,0,0,0,0,0,0,0,0,0,0,0
0,16,31,196,4,146,112,11,6,179,15,4,52,29,89,369,588,0,0,0,0,0,0,0,0,0
1,267,5,17,272,0,0,0,0,0,0,0,0,0,0,0,0,0,0,0,0,0,0,0,0,0
1,24,61,100,0,0,0,0,0,0,0,0,0,0,0,0,0,0,0,0,0,0,0,0,0,0
0,2,72,220,4,168,131,1459,97,5,54,1277,51,4,55,39,10,983,1387,0,0,0,0,0,0,0
0,32,469,421,1076,4,678,16,98,314,139,1132,98,3,40,469,148,4,85,2,1574,287,11,153,32,19
1,82,1247,23,117,1087,33,0,0,0,0,0,0,0,0,0,0,0,0,0,0,0,0,0,0,0
0,53,4,122,39,2,248,27,1561,13,103,14,297,0,0,0,0,0,0,0,0,0,0,0,0,0
1,2,245,1222,188,805,3,326,313,3,1204,110,685,3,665,64,20,412,0,0,0,0,0,0,0,0
0,24,775,3,24,894,32,105,0,0,0,0,0,0,0,0,0,0,0,0,0,0,0,0,0,0
0,79,9,41,43,223,11,2,70,5,683,617,21,46,5,66,611,0,0,0,0,0,0,0,0,0
1,4,210,157,371,374,123,25,484,68,0,0,0,0,0,0,0,0,0,0,0,0,0,0,0,0
0,2,649,22,66,650,64,21,49,32,64,4,22,7,116,10,193,615,59,125,719,228,0,0,0,0
1,1160,2,1195,878,8,6,244,31,8,13,7,25,1119,16,637,554,0,0,0,0,0,0,0,0,0
1,326,271,59,0,0,0,0,0,0,0,0,0,0,0,0,0,0,0,0,0,0,0,0,0,0
0,2,72,1403,8,2,18,0,0,0,0,0,0,0,0,0,0,0,0,0,0,0,0,0,0,0
0,52,13,137,7,534,0,0,0,0,0,0,0,0,0,0,0,0,0,0,0,0,0,0,0,0
1,48,194,207,174,1648,0,0,0,0,0,0,0,0,0,0,0,0,0,0,0,0,0,0,0,0
0,21,55,38,46,47,28,27,557,16,17,12,0,0,0,0,0,0,0,0,0,0,0,0,0,0
0,10,5,138,625,0,0,0,0,0,0,0,0,0,0,0,0,0,0,0,0,0,0,0,0,0
0,20,722,43,335,378,6,202,90,1617,7,118,348,3,1228,87,0,0,0,0,0,0,0,0,0,0
1,53,34,359,204,250,3,427,3,400,103,372,248,26,433,1580,32,465,24,1067,3,24,17,0,0,0
0,150,39,625,0,0,0,0,0,0,0,0,0,0,0,0,0,0,0,0,0,0,0,0,0,0
1,6,23,129,7,602,6,23,0,0,0,0,0,0,0,0,0,0,0,0,0,0,0,0,0,0
1,2,96,8,17,320,246,48,225,0,0,0,0,0,0,0,0,0,0,0,0,0,0,0,0,0
0,2,942,476,1538,5,6,566,0,0,0,0,0,0,0,0,0,0,0,0,0,0,0,0,0,0
0,95,131,126,2,12,8,21,633,1306,0,0,0,0,0,0,0,0,0,0,0,0,0,0,0,0
0,410,289,53,126,76,432,776,10,0,0,0,0,0,0,0,0,0,0,0,0,0,0,0,0,0
0,52,13,38,30,0,0,0,0,0,0,0,0,0,0,0,0,0,0,0,0,0,0,0,0,0
1,10,8,167,2,416,0,0,0,0,0,0,0,0,0,0,0,0,0,0,0,0,0,0,0,0
0,24,285,18,0,0,0,0,0,0,0,0,0,0,0,0,0,0,0,0,0,0,0,0,0,0
0,4,138,63,25,145,30,33,0,0,0,0,0,0,0,0,0,0,0,0,0,0,0,0,0,0
0,4,52,13,137,9,15,0,0,0,0,0,0,0,0,0,0,0,0,0,0,0,0,0,0,0
1,75,21,298,7,25,33,0,0,0,0,0,0,0,0,0,0,0,0,0,0,0,0,0,0,0
0,263,27,273,364,156,268,21,532,0,0,0,0,0,0,0,0,0,0,0,0,0,0,0,0,0
0,145,33,8,39,1363,44,461,953,213,187,1043,249,111,16,2,118,524,7,437,7,659,59,0,0,0
1,187,11,2,415,505,34,206,0,0,0,0,0,0,0,0,0,0,0,0,0,0,0,0,0,0
1,2,12,8,24,17,16,56,756,211,12,0,0,0,0,0,0,0,0,0,0,0,0,0,0,0
1,4,55,157,64,390,10,8,36,37,29,2,50,1229,345,0,0,0,0,0,0,0,0,0,0,0
1,19,186,5,1033,23,26,6,430,522,11,257,1303,883,11,784,1170,1391,26,1006,823,0,0,0,0,0
1,329,155,9,15,0,0,0,0,0,0,0,0,0,0,0,0,0,0,0,0,0,0,0,0,0
0,60,80,7,579,934,1527,163,45,60,49,843,1323,14,10,81,0,0,0,0,0,0,0,0,0,0
1,2,268,27,21,178,3,2,172,604,39,436,343,0,0,0,0,0,0,0,0,0,0,0,0,0
1,222,798,7,1390,811,16,2,367,32,64,7,102,40,260,16,19,760,0,0,0,0,0,0,0,0
0,143,146,28,1537,327,6,845,47,28,249,994,1475,6,152,4,55,753,0,0,0,0,0,0,0,0
0,292,12,0,0,0,0,0,0,0,0,0,0,0,0,0,0,0,0,0,0,0,0,0,0,0
1,4,42,307,1456,1540,163,37,1366,4,159,466,300,37,22,2,50,186,0,0,0,0,0,0,0,0
1,180,5,174,2,141,20,34,14,0,0,0,0,0,0,0,0,0,0,0,0,0,0,0,0,0
1,394,1443,0,0,0,0,0,0,0,0,0,0,0,0,0,0,0,0,0,0,0,0,0,0,0
0,338,10,72,496,87,59,16,1424,26,43,614,0,0,0,0,0,0,0,0,0,0,0,0,0,0
1,18,8,53,634,0,0,0,0,0,0,0,0,0,0,0,0,0,0,0,0,0,0,0,0,0
1,18,5,158,3,173,27,71,226,424,9,8,57,3,1163,234,2,1451,895,552,79,1623,0,0,0,0
0,2,348,229,27,53,420,6,202,11,2,41,3,2,703,27,13,127,61,3,404,26,2,94,0,0
1,23,12,3,23,18,14,6,184,3,61,358,0,0,0,0,0,0,0,0,0,0,0,0,0,0
0,180,5,1281,0,0,0,0,0,0,0,0,0,0,0,0,0,0,0,0,0,0,0,0,0,0
0,47,28,27,967,9,523,55,38,46,0,0,0,0,0,0,0,0,0,0,0,0,0,0,0,0
0,20,63,25,945,0,0,0,0,0,0,0,0,0,0,0,0,0,0,0,0,0,0,0,0,0
0,251,9,613,0,0,0,0,0,0,0,0,0,0,0,0,0,0,0,0,0,0,0,0,0,0
0,51,6,114,1157,251,9,15,79,40,550,0,0,0,0,0,0,0,0,0,0,0,0,0,0,0
1,538,9,8,352,6,220,11,1594,9,70,0,0,0,0,0,0,0,0,0,0,0,0,0,0,0
0,266,60,38,81,0,0,0,0,0,0,0,0,0,0,0,0,0,0,0,0,0,0,0,0,0
0,4,1398,59,7,25,340,21,928,0,0,0,0,0,0,0,0,0,0,0,0,0,0,0,0,0
1,70,8,127,409,36,60,6,111,0,0,0,0,0,0,0,0,0,0,0,0,0,0,0,0,0
1,30,7,17,1598,1172,606,226,1002,3,344,2,987,37,27,30,7,2,231,720,0,0,0,0,0,0
0,18,841,33,0,0,0,0,0,0,0,0,0,0,0,0,0,0,0,0,0,0,0,0,0,0
1,19,417,5,60,617,3,76,103,82,42,23,94,820,0,0,0,0,0,0,0,0,0,0,0,0
1,18,5,206,0,0,0,0,0,0,0,0,0,0,0,0,0,0,0,0,0,0,0,0,0,0
0,342,214,11,41,0,0,0,0,0,0,0,0,0,0,0,0,0,0,0,0,0,0,0,0,0
1,2,12,5,68,43,671,5,252,3,1032,3,20,85,6,23,245,0,0,0,0,0,0,0,0,0
1,2,18,5,1063,4,160,137,2,1272,0,0,0,0,0,0,0,0,0,0,0,0,0,0,0,0
1,24,17,12,23,253,258,0,0,0,0,0,0,0,0,0,0,0,0,0,0,0,0,0,0,0
0,389,24,1314,0,0,0,0,0,0,0,0,0,0,0,0,0,0,0,0,0,0,0,0,0,0
1,4,146,116,31,2,422,34,260,0,0,0,0,0,0,0,0,0,0,0,0,0,0,0,0,0
0,2,12,5,432,553,21,10,199,29,80,489,215,16,2,115,7,657,10,74,7,87,0,0,0,0
1,4,676,46,217,32,19,203,336,3,413,307,2,362,93,0,0,0,0,0,0,0,0,0,0,0
1,89,162,113,2,118,1611,114,15,4,110,7,14,57,0,0,0,0,0,0,0,0,0,0,0,0
1,28,146,452,149,1003,2,68,12,0,0,0,0,0,0,0,0,0,0,0,0,0,0,0,0,0
0,4,584,383,20,110,32,44,198,141,36,10,5,1420,0,0,0,0,0,0,0,0,0,0,0,0
0,2,1528,1458,172,5,124,3,2,268,34,462,0,0,0,0,0,0,0,0,0,0,0,0,0,0
0,10,270,176,325,547,7,121,54,1121,58,5,177,90,113,1508,1122,0,0,0,0,0,0,0,0,0
1,9,8,19,290,1348,57,185,221,0,0,0,0,0,0,0,0,0,0,0,0,0,0,0,0,0
0,88,44,1625,3,270,324,83,3,190,2,101,323,440,83,0,0,0,0,0,0,0,0,0,0,0
1,1208,25,6,511,354,32,19,765,7,288,0,0,0,0,0,0,0,0,0,0,0,0,0,0,0
0,58,27,356,3,13,167,2,196,0,0,0,0,0,0,0,0,0,0,0,0,0,0,0,0,0
1,4,5,992,1447,328,79,9,114,211,13,72,164,2,117,8,23,36,2,18,8,302,3,2,12,1224
1,128,65,664,4,5,1240,0,0,0,0,0,0,0,0,0,0,0,0,0,0,0,0,0,0,0
1,4,22,6,71,919,77,0,0,0,0,0,0,0,0,0,0,0,0,0,0,0,0,0,0,0
1,2,70,8,24,184,3,120,6,303,70,122,7,10,0,0,0,0,0,0,0,0,0,0,0,0
0,2,212,393,89,162,0,0,0,0,0,0,0,0,0,0,0,0,0,0,0,0,0,0,0,0
0,4,45,13,283,0,0,0,0,0,0,0,0,0,0,0,0,0,0,0,0,0,0,0,0,0
0,2,405,1618,1285,14,1402,57,8,44,166,1333,1168,611,16,6,70,0,0,0,0,0,0,0,0,0
1,10,5,166,73,0,0,0,0,0,0,0,0,0,0,0,0,0,0,0,0,0,0,0,0,0
1,9,8,82,171,17,101,3,75,44,1362,1483,32,2,780,0,0,0,0,0,0,0,0,0,0,0
0,19,594,62,13,39,401,1573,1139,0,0,0,0,0,0,0,0,0,0,0,0,0,0,0,0,0
1,69,4,514,19,376,10,5,296,10,62,29,6,202,11,153,14,10,21,271,59,46,0,0,0,0
0,46,8,177,1000,97,702,208,46,0,0,0,0,0,0,0,0,0,0,0,0,0,0,0,0,0
1,2,101,907,27,17,0,0,0,0,0,0,0,0,0,0,0,0,0,0,0,0,0,0,0,0
1,181,41,4,107,33,4,279,1533,803,7,6,520,1441,0,0,0,0,0,0,0,0,0,0,0,0
0,53,2,238,27,707,6,1408,2,86,238,91,49,22,0,0,0,0,0,0,0,0,0,0,0,0
0,2,18,5,1130,0,0,0,0,0,0,0,0,0,0,0,0,0,0,0,0,0,0,0,0,0
0,20,88,82,231,1502,3,82,290,243,128,92,46,6,179,148,3,34,866,78,26,180,0,0,0,0
1,4,110,7,674,96,32,6,410,367,3,5,13,78,0,0,0,0,0,0,0,0,0,0,0,0
0,63,38,30,0,0,0,0,0,0,0,0,0,0,0,0,0,0,0,0,0,0,0,0,0,0
0,64,224,29,80,6,1246,260,1506,1373,315,7,951,5,2,1586,608,11,2,1374,269,16,87,0,0,0
1,54,931,1592,32,473,8,53,6,1249,11,9,15,0,0,0,0,0,0,0,0,0,0,0,0,0
1,2,72,961,117,11,2,70,5,31,10,5,24,568,0,0,0,0,0,0,0,0,0,0,0,0
0,2,372,1510,102,5,364,4,123,138,1466,143,154,248,34,14,31,1560,3,10,5,138,322,687,0,0
1,127,6,1016,631,26,575,0,0,0,0,0,0,0,0,0,0,0,0,0,0,0,0,0,0,0
0,64,62,662,119,5,2,136,18,0,0,0,0,0,0,0,0,0,0,0,0,0,0,0,0,0
1,4,127,102,104,2,456,94,242,315,58,120,6,710,1622,11,535,7,646,104,0,0,0,0,0,0
1,1059,27,42,23,175,0,0,0,0,0,0,0,0,0,0,0,0,0,0,0,0,0,0,0,0
0,660,5,31,824,312,0,0,0,0,0,0,0,0,0,0,0,0,0,0,0,0,0,0,0,0
1,2,913,1315,5,178,332,1038,518,0,0,0,0,0,0,0,0,0,0,0,0,0,0,0,0,0
0,75,13,42,151,143,1202,5,730,50,204,621,14,2,458,79,968,11,288,1147,0,0,0,0,0,0
1,273,27,2,1088,70,530,91,49,183,1650,0,0,0,0,0,0,0,0,0,0,0,0,0,0,0
1,2,12,5,158,3,18,5,24,17,0,0,0,0,0,0,0,0,0,0,0,0,0,0,0,0
1,37,29,23,1427,0,0,0,0,0,0,0,0,0,0,0,0,0,0,0,0,0,0,0,0,0
0,1235,19,513,77,35,9,1044,387,5,13,21,17,0,0,0,0,0,0,0,0,0,0,0,0,0
0,19,1275,5,670,1176,72,0,0,0,0,0,0,0,0,0,0,0,0,0,0,0,0,0,0,0
1,12,5,68,0,0,0,0,0,0,0,0,0,0,0,0,0,0,0,0,0,0,0,0,0,0
0,45,60,49,38,30,3,29,466,154,175,64,22,580,0,0,0,0,0,0,0,0,0,0,0,0
0,75,13,235,26,2,1486,139,2,12,0,0,0,0,0,0,0,0,0,0,0,0,0,0,0,0
1,180,5,178,3,68,0,0,0,0,0,0,0,0,0,0,0,0,0,0,0,0,0,0,0,0
0,10,391,205,446,3,446,21,140,75,1075,314,0,0,0,0,0,0,0,0,0,0,0,0,0,0
0,75,13,151,143,293,20,838,46,36,10,5,293,207,16,119,7,1591,7,122,1612,74,11,15,0,0
0,4,1262,7,1426,26,19,1344,690,36,19,570,3,4,34,21,78,26,9,15,0,0,0,0,0,0
0,16,324,1549,6,1258,4,42,305,162,12,0,0,0,0,0,0,0,0,0,0,0,0,0,0,0
0,10,168,652,310,53,2,655,5,1319,247,0,0,0,0,0,0,0,0,0,0,0,0,0,0,0
1,17,12,17,18,0,0,0,0,0,0,0,0,0,0,0,0,0,0,0,0,0,0,0,0,0
0,66,65,35,2,169,219,2,12,5,685,435,139,167,2,111,31,20,22,16,10,0,0,0,0,0
0,1034,4,1526,149,32,44,198,141,1198,79,2,118,508,36,75,13,1215,7,38,30,0,0,0,0,0
1,76,53,109,30,7,317,32,87,954,158,18,0,0,0,0,0,0,0,0,0,0,0,0,0,0
1,2,1205,433,8,484,17,0,0,0,0,0,0,0,0,0,0,0,0,0,0,0,0,0,0,0
1,1201,2,1500,3,121,147,539,736,1379,0,0,0,0,0,0,0,0,0,0,0,0,0,0,0,0
0,2,450,77,5,461,3,4,112,266,48,38,7,1086,114,142,41,0,0,0,0,0,0,0,0,0
1,20,219,442,29,7,739,1312,321,7,121,17,114,36,9,15,42,574,2,221,31,141,0,0,0,0
1,20,22,1660,35,43,169,3,2,18,5,71,302,0,0,0,0,0,0,0,0,0,0,0,0,0
1,1388,195,0,0,0,0,0,0,0,0,0,0,0,0,0,0,0,0,0,0,0,0,0,0,0
1,2,209,860,8,787,36,1381,629,3,1491,0,0,0,0,0,0,0,0,0,0,0,0,0,0,0
0,6,598,5,14,19,1624,1197,6,598,0,0,0,0,0,0,0,0,0,0,0,0,0,0,0,0
1,6,206,542,1307,0,0,0,0,0,0,0,0,0,0,0,0,0,0,0,0,0,0,0,0,0
0,9,15,8,13,167,56,41,560,1639,57,0,0,0,0,0,0,0,0,0,0,0,0,0,0,0
0,2,278,110,30,3,1325,495,148,13,159,21,89,51,44,27,28,125,1251,0,0,0,0,0,0,0
0,86,343,49,0,0,0,0,0,0,0,0,0,0,0,0,0,0,0,0,0,0,0,0,0,0
1,2,1050,5,53,42,17,3,71,294,35,31,0,0,0,0,0,0,0,0,0,0,0,0,0,0
0,2,12,351,58,20,412,36,10,351,90,113,20,123,29,1225,0,0,0,0,0,0,0,0,0,0
1,2,639,781,3,1516,274,27,73,0,0,0,0,0,0,0,0,0,0,0,0,0,0,0,0,0
0,197,4,55,112,31,4,52,192,19,1045,7,9,15,81,164,37,103,1109,11,2,492,642,31,4,889
1,37,45,1450,56,102,165,129,442,39,19,744,8,618,26,587,1597,840,592,84,10,0,0,0,0,0
1,237,116,31,52,25,2,1264,1444,572,40,11,1152,243,134,143,37,27,815,7,134,73,0,0,0,0
1,634,980,491,399,0,0,0,0,0,0,0,0,0,0,0,0,0,0,0,0,0,0,0,0,0
0,236,192,19,653,315,1414,309,0,0,0,0,0,0,0,0,0,0,0,0,0,0,0,0,0,0
1,23,15,7,952,3,29,44,147,96,3,319,0,0,0,0,0,0,0,0,0,0,0,0,0,0
1,43,115,5,206,3,69,76,596,74,2,331,1156,935,1309,3,1567,551,76,1647,610,7,43,200,3,323
1,40,11,2,808,243,34,68,0,0,0,0,0,0,0,0,0,0,0,0,0,0,0,0,0,0
1,43,115,5,24,67,3,159,272,76,1161,6,156,1060,26,40,11,43,291,76,480,520,3,61,337,2
0,1632,2,12,5,160,13,603,35,40,3,16,2,196,28,378,28,224,305,90,0,0,0,0,0,0
1,2,234,8,42,284,67,3,24,184,0,0,0,0,0,0,0,0,0,0,0,0,0,0,0,0
1,4,84,9,15,0,0,0,0,0,0,0,0,0,0,0,0,0,0,0,0,0,0,0,0,0
0,10,5,310,131,247,13,207,105,139,48,126,0,0,0,0,0,0,0,0,0,0,0,0,0,0
0,251,35,40,1470,0,0,0,0,0,0,0,0,0,0,0,0,0,0,0,0,0,0,0,0,0
1,23,12,0,0,0,0,0,0,0,0,0,0,0,0,0,0,0,0,0,0,0,0,0,0,0
0,4,330,283,0,0,0,0,0,0,0,0,0,0,0,0,0,0,0,0,0,0,0,0,0,0
0,46,8,42,177,16,119,35,1008,398,56,77,8,162,0,0,0,0,0,0,0,0,0,0,0,0
0,4,569,363,4,453,7,347,7,2,1144,36,4,62,13,130,7,347,7,2,583,264,5,1415,893,11
1,40,14,40,44,158,70,1248,79,23,18,6,750,94,3,6,430,358,0,0,0,0,0,0,0,0
1,2,649,5,61,3,159,1553,2,12,74,7,119,0,0,0,0,0,0,0,0,0,0,0,0,0
1,2,72,17,220,5,43,335,76,5,24,404,3,391,2,1575,1138,145,0,0,0,0,0,0,0,0
0,9,15,224,572,25,1571,59,0,0,0,0,0,0,0,0,0,0,0,0,0,0,0,0,0,0
0,4,299,10,326,271,182,0,0,0,0,0,0,0,0,0,0,0,0,0,0,0,0,0,0,0
0,10,5,6,416,7,121,46,0,0,0,0,0,0,0,0,0,0,0,0,0,0,0,0,0,0
1,4,85,7,308,2,501,93,26,6,1358,455,0,0,0,0,0,0,0,0,0,0,0,0,0,0
1,28,63,25,78,0,0,0,0,0,0,0,0,0,0,0,0,0,0,0,0,0,0,0,0,0
0,86,1140,49,0,0,0,0,0,0,0,0,0,0,0,0,0,0,0,0,0,0,0,0,0,0
0,14,818,9,5,6,1189,419,209,77,0,0,0,0,0,0,0,0,0,0,0,0,0,0,0,0
1,2,1297,474,210,885,32,2,153,3,329,64,105,0,0,0,0,0,0,0,0,0,0,0,0,0
0,865,4,45,13,25,205,12,104,33,255,135,0,0,0,0,0,0,0,0,0,0,0,0,0,0
1,1187,2,1106,478,37,34,2,50,220,20,88,0,0,0,0,0,0,0,0,0,0,0,0,0,0
1,2,100,8,127,349,61,3,404,58,8,413,640,69,28,657,189,356,1558,3,6,675,0,0,0,0
0,267,5,6,156,136,14,18,0,0,0,0,0,0,0,0,0,0,0,0,0,0,0,0,0,0
0,2,422,34,6,318,836,0,0,0,0,0,0,0,0,0,0,0,0,0,0,0,0,0,0,0
0,4,85,12,1013,33,35,2,185,0,0,0,0,0,0,0,0,0,0,0,0,0,0,0,0,0
0,2,595,507,5,312,51,98,0,0,0,0,0,0,0,0,0,0,0,0,0,0,0,0,0,0
1,6,17,41,0,0,0,0,0,0,0,0,0,0,0,0,0,0,0,0,0,0,0,0,0,0
1,2,100,27,53,24,61,3,1384,0,0,0,0,0,0,0,0,0,0,0,0,0,0,0,0,0
0,2,18,5,285,3,797,125,67,0,0,0,0,0,0,0,0,0,0,0,0,0,0,0,0,0
0,1213,997,1430,3,22,7,38,229,16,6,879,659,265,904,48,7,876,10,0,0,0,0,0,0,0
0,638,8,13,17,0,0,0,0,0,0,0,0,0,0,0,0,0,0,0,0,0,0,0,0,0
1,789,240,29,72,733,217,3,2,12,5,166,68,241,41,0,0,0,0,0,0,0,0,0,0,0
1,187,11,149,34,763,754,17,3,4,256,21,1301,20,110,30,0,0,0,0,0,0,0,0,0,0
1,2,1601,27,184,3,2,15,295,8,98,629,0,0,0,0,0,0,0,0,0,0,0,0,0,0
1,1485,24,603,382,0,0,0,0,0,0,0,0,0,0,0,0,0,0,0,0,0,0,0,0,0
0,9,15,8,228,13,1481,26,54,1568,3,10,42,8,228,0,0,0,0,0,0,0,0,0,0,0
0,2,655,295,499,71,1093,2,431,8,71,766,36,4,330,107,33,81,0,0,0,0,0,0,0,0
0,2,185,35,1590,5,240,104,64,4,1634,0,0,0,0,0,0,0,0,0,0,0,0,0,0,0
1,6,23,777,0,0,0,0,0,0,0,0,0,0,0,0,0,0,0,0,0,0,0,0,0,0
1,2,12,5,24,17,0,0,0,0,0,0,0,0,0,0,0,0,0,0,0,0,0,0,0,0
1,2,1011,5,296,0,0,0,0,0,0,0,0,0,0,0,0,0,0,0,0,0,0,0,0,0
1,4,123,650,1180,2,1212,8,48,430,0,0,0,0,0,0,0,0,0,0,0,0,0,0,0,0
0,44,397,171,0,0,0,0,0,0,0,0,0,0,0,0,0,0,0,0,0,0,0,0,0,0
0,172,5,346,0,0,0,0,0,0,0,0,0,0,0,0,0,0,0,0,0,0,0,0,0,0
1,18,8,517,3,61,0,0,0,0,0,0,0,0,0,0,0,0,0,0,0,0,0,0,0,0
1,2,727,27,24,61,0,0,0,0,0,0,0,0,0,0,0,0,0,0,0,0,0,0,0,0
0,2,558,1102,32,1317,464,1570,0,0,0,0,0,0,0,0,0,0,0,0,0,0,0,0,0,0
1,187,2,204,862,2,415,599,863,34,166,188,99,0,0,0,0,0,0,0,0,0,0,0,0,0
1,10,5,147,0,0,0,0,0,0,0,0,0,0,0,0,0,0,0,0,0,0,0,0,0,0
0,1241,10,210,134,31,178,0,0,0,0,0,0,0,0,0,0,0,0,0,0,0,0,0,0,0
1,19,428,3,4,109,33,16,2,106,41,32,6,513,269,7,57,3,123,13,29,80,90,1017,26,2
0,39,2,118,944,363,28,1467,378,119,7,107,35,9,15,81,0,0,0,0,0,0,0,0,0,0
1,4,55,29,24,154,704,7,116,97,9,15,36,10,622,180,71,98,0,0,0,0,0,0,0,0
0,9,15,1432,66,99,0,0,0,0,0,0,0,0,0,0,0,0,0,0,0,0,0,0,0,0
0,4,29,60,22,352,124,12,58,813,119,424,2,1621,20,969,597,21,89,32,54,856,3,105,0,0
1,43,115,5,349,67,3,1517,32,87,154,148,0,0,0,0,0,0,0,0,0,0,0,0,0,0
1,4,62,13,305,9,7,25,21,17,0,0,0,0,0,0,0,0,0,0,0,0,0,0,0,0
1,4,22,577,17,472,97,9,15,36,10,1368,181,398,4,123,29,1400,11,0,0,0,0,0,0,0
0,79,9,375,19,300,3,4,22,670,1342,74,9,15,5,6,566,3,210,546,1146,10,986,3,1158,1192
1,50,804,778,14,2,861,0,0,0,0,0,0,0,0,0,0,0,0,0,0,0,0,0,0,0
1,50,274,14,341,79,240,0,0,0,0,0,0,0,0,0,0,0,0,0,0,0,0,0,0,0
0,47,31,656,60,890,59,4,52,29,590,6,439,16,151,36,32,2,118,223,11,2,454,213,9,656
0,55,214,56,41,33,0,0,0,0,0,0,0,0,0,0,0,0,0,0,0,0,0,0,0,0
0,10,5,129,176,595,0,0,0,0,0,0,0,0,0,0,0,0,0,0,0,0,0,0,0,0
1,4,84,31,37,982,54,12,14,67,1022,1478,51,1069,7,1461,10,14,156,1048,809,1559,0,0,0,0
1,20,334,321,828,3,298,97,43,106,57,185,77,0,0,0,0,0,0,0,0,0,0,0,0,0
1,54,1507,1129,8,21,17,0,0,0,0,0,0,0,0,0,0,0,0,0,0,0,0,0,0,0
0,2,101,150,231,349,425,14,13,6,17,129,0,0,0,0,0,0,0,0,0,0,0,0,0,0
0,4,391,557,35,2,41,3,10,22,135,1593,1664,83,443,193,66,12,0,0,0,0,0,0,0,0
1,84,9,15,1244,2,221,69,4,130,485,578,36,13,565,14,978,139,105,0,0,0,0,0,0,0
0,4,678,544,148,16,2,262,1167,3,128,82,41,11,125,1227,4,110,7,2,1237,3,85,65,1100,0
1,37,29,6,42,67,253,0,0,0,0,0,0,0,0,0,0,0,0,0,0,0,0,0,0,0
1,127,6,23,41,35,1410,1284,0,0,0,0,0,0,0,0,0,0,0,0,0,0,0,0,0,0
1,4,123,107,54,1550,40,161,10,8,1429,0,0,0,0,0,0,0,0,0,0,0,0,0,0,0
0,313,270,645,7,325,83,7,183,74,35,65,375,0,0,0,0,0,0,0,0,0,0,0,0,0
1,203,141,5,19,910,41,209,33,3,4,5,21,298,4,1445,7,38,30,0,0,0,0,0,0,0
1,54,511,468,250,5,414,918,26,2,1077,1040,11,427,1115,0,0,0,0,0,0,0,0,0,0,0
0,4,1136,42,143,144,28,121,21,1352,16,56,301,3,248,69,95,21,132,0,0,0,0,0,0,0
0,16,97,440,83,20,718,215,16,403,93,69,20,516,31,10,168,145,165,41,135,0,0,0,0,0
1,299,10,6,218,28,45,25,298,28,62,0,0,0,0,0,0,0,0,0,0,0,0,0,0,0
0,1602,32,2,475,527,18,4,514,3,66,1383,7,891,54,1290,16,19,653,4,63,25,92,30,0,0
1,2,195,32,2,94,5,23,3,21,34,2,173,0,0,0,0,0,0,0,0,0,0,0,0,0
1,4,29,311,33,544,148,3,241,41,2,12,5,68,0,0,0,0,0,0,0,0,0,0,0,0
0,1455,31,109,26,2,93,5,482,0,0,0,0,0,0,0,0,0,0,0,0,0,0,0,0,0
1,51,16,2,18,4,219,10,5,17,0,0,0,0,0,0,0,0,0,0,0,0,0,0,0,0
0,88,6,1409,1514,85,6,490,1039,31,5,1353,1631,1029,746,693,193,350,0,0,0,0,0,0,0,0
0,55,662,145,33,0,0,0,0,0,0,0,0,0,0,0,0,0,0,0,0,0,0,0,0,0
0,10,5,1055,0,0,0,0,0,0,0,0,0,0,0,0,0,0,0,0,0,0,0,0,0,0
0,4,112,13,81,0,0,0,0,0,0,0,0,0,0,0,0,0,0,0,0,0,0,0,0,0
0,383,47,37,714,247,37,52,29,80,872,1386,0,0,0,0,0,0,0,0,0,0,0,0,0,0
0,4,55,112,236,25,365,30,7,1532,255,135,16,12,0,0,0,0,0,0,0,0,0,0,0,0
1,2,72,220,4,62,39,5,2,1001,941,3,316,909,0,0,0,0,0,0,0,0,0,0,0,0
1,2,108,5,1439,912,3,22,2,174,592,32,2,229,3,545,108,32,2,234,0,0,0,0,0,0
0,4,55,29,7,25,44,1653,7,157,75,205,914,0,0,0,0,0,0,0,0,0,0,0,0,0
1,67,1577,11,1107,176,465,36,4,122,39,9,5,314,7,1463,59,2,826,12,0,0,0,0,0,0
1,2,1512,34,61,3,62,6,17,392,0,0,0,0,0,0,0,0,0,0,0,0,0,0,0,0
1,2,100,8,23,2,12,8,627,3,37,29,44,395,319,195,0,0,0,0,0,0,0,0,0,0
0,4,60,183,81,0,0,0,0,0,0,0,0,0,0,0,0,0,0,0,0,0,0,0,0,0
1,9,15,8,581,182,65,11,2,50,286,7,107,14,2,288,1126,254,0,0,0,0,0,0,0,0
1,40,2,250,8,103,14,297,0,0,0,0,0,0,0,0,0,0,0,0,0,0,0,0,0,0
0,35,563,112,7,512,19,333,163,4,830,7,721,28,176,16,440,83,0,0,0,0,0,0,0,0
0,19,1554,14,1185,264,701,35,2,552,676,33,504,161,3,584,64,76,5,277,40,141,131,0,0,0
0,47,170,22,13,933,2,1359,20,384,29,480,13,151,47,20,45,38,30,3,218,10,81,0,0,0
1,18,5,24,996,0,0,0,0,0,0,0,0,0,0,0,0,0,0,0,0,0,0,0,0,0
0,47,28,130,7,111,16,292,12,3,1404,132,18,190,9,8,2,15,16,28,0,0,0,0,0,0
1,241,161,11,2,451,37,29,6,421,245,3,95,40,21,68,0,0,0,0,0,0,0,0,0,0
1,140,2,101,295,5,17,2,1037,172,5,24,133,0,0,0,0,0,0,0,0,0,0,0,0,0
1,9,15,8,189,271,59,129,59,0,0,0,0,0,0,0,0,0,0,0,0,0,0,0,0,0
0,32,2,1279,225,142,7,43,169,5,6,294,882,80,479,14,3,773,1370,1028,11,587,1584,1012,0,0
1,20,155,2,15,0,0,0,0,0,0,0,0,0,0,0,0,0,0,0,0,0,0,0,0,0
0,4,529,2,1585,36,62,13,786,164,4,239,2,115,62,6,132,392,0,0,0,0,0,0,0,0
0,163,4,38,14,7,263,4,408,6,258,849,971,523,157,31,9,5,19,471,41,208,35,674,96,163
1,19,223,407,93,26,2,407,418,5,21,133,3,2,376,3,396,5,24,958,0,0,0,0,0,0
1,4,429,31,9,15,8,6,23,354,16,470,26,6,296,666,3,1265,16,114,0,0,0,0,0,0
0,4,5,1418,164,4,5,71,151,31,5,1233,1273,0,0,0,0,0,0,0,0,0,0,0,0,0
0,3,2,313,27,717,175,0,0,0,0,0,0,0,0,0,0,0,0,0,0,0,0,0,0,0
0,76,5,132,0,0,0,0,0,0,0,0,0,0,0,0,0,0,0,0,0,0,0,0,0,0
1,2,1576,5,73,0,0,0,0,0,0,0,0,0,0,0,0,0,0,0,0,0,0,0,0,0
0,9,15,120,6,202,11,519,36,1357,7,1435,0,0,0,0,0,0,0,0,0,0,0,0,0,0
0,10,168,652,35,40,3,140,20,157,263,0,0,0,0,0,0,0,0,0,0,0,0,0,0,0
1,7,819,2,12,5,395,1095,770,36,177,1556,119,1199,284,39,2,1128,11,2,1014,1484,1417,0,0,0
0,4,38,7,240,131,154,286,3,91,60,498,165,70,31,497,6,258,415,186,413,16,439,1672,0,0
1,1638,8,174,0,0,0,0,0,0,0,0,0,0,0,0,0,0,0,0,0,0,0,0,0,0
0,499,39,6,17,517,15,7,1292,6,664,11,82,607,988,12,36,144,327,6,605,3,386,309,0,0
1,2,671,5,53,67,0,0,0,0,0,0,0,0,0,0,0,0,0,0,0,0,0,0,0,0
0,45,13,25,30,0,0,0,0,0,0,0,0,0,0,0,0,0,0,0,0,0,0,0,0,0
1,4,45,183,30,33,181,41,75,14,57,0,0,0,0,0,0,0,0,0,0,0,0,0,0,0
0,50,11,1153,7,2,282,3,541,423,18,597,290,385,0,0,0,0,0,0,0,0,0,0,0,0
0,434,18,0,0,0,0,0,0,0,0,0,0,0,0,0,0,0,0,0,0,0,0,0,0,0
1,2,691,1531,5,549,14,56,381,178,0,0,0,0,0,0,0,0,0,0,0,0,0,0,0,0
0,20,85,489,1355,302,36,615,59,215,324,83,48,7,15,43,102,323,325,83,163,2,12,679,0,0
0,2,12,8,13,133,35,40,13,7,116,1206,368,772,1232,476,0,0,0,0,0,0,0,0,0,0
1,2,12,5,23,51,127,1488,7,2,647,0,0,0,0,0,0,0,0,0,0,0,0,0,0,0
0,45,60,49,38,30,0,0,0,0,0,0,0,0,0,0,0,0,0,0,0,0,0,0,0,0
0,13,159,6,1252,20,45,25,225,26,28,0,0,0,0,0,0,0,0,0,0,0,0,0,0,0
1,23,101,3,923,0,0,0,0,0,0,0,0,0,0,0,0,0,0,0,0,0,0,0,0,0
